date,Capricorn,Aquarius,Pisces,Aries,Taurus,Gemini,Cancer,Leo,Virgo,Libra,Scorpio,Sagittarius
2026-09-21,"Today's emphasis on communication, opportunity, and constructive expansion puts extra attention on career goals and long-term structure.

Money: make a measured financial adjustment.
Love: make room for warmth alongside responsibility.
Work: turn steady effort into visible progress.
Caution: do not let pressure force a premature decision. Keep the bigger opportunity in view without skipping the practical details.","As Mercury–Jupiter shapes the day's tone, ideas, networks, and future plans become the useful place to focus.

Money: test an unconventional idea before funding it.
Love: let curiosity replace assumptions.
Work: use communication and experimentation to open options.
Caution: do not confuse novelty with certainty. Keep the bigger opportunity in view without skipping the practical details.","The day's communication, opportunity, and constructive expansion theme asks you to approach intuition, shared resources, and emotional boundaries with a little more intention.

Money: clarify shared costs and obligations.
Love: ask directly instead of filling gaps with imagination.
Work: pair intuition with practical verification.
Caution: avoid vague promises or unclear agreements. Keep the bigger opportunity in view without skipping the practical details.","Today's emphasis on communication, opportunity, and constructive expansion puts extra attention on independence, partnership, and initiative.

Money: make joint decisions with explicit expectations.
Love: listen without surrendering your own position.
Work: channel momentum into a clear next step.
Caution: strong emotion is not always the same as certainty. Keep the bigger opportunity in view without skipping the practical details.","As Mercury–Jupiter shapes the day's tone, stability, routines, and practical value become the useful place to focus.

Money: improve efficiency before chasing a dramatic gain.
Love: show care through consistency.
Work: fix the system that keeps wasting time.
Caution: do not accept extra burdens simply because you can. Keep the bigger opportunity in view without skipping the practical details.","The day's communication, opportunity, and constructive expansion theme asks you to approach communication, creativity, and variety with a little more intention.

Money: develop the idea before spending heavily on it.
Love: use humor and honest conversation together.
Work: write, pitch, brainstorm, and then finish something.
Caution: too many possibilities can scatter your attention. Keep the bigger opportunity in view without skipping the practical details.","Today's emphasis on communication, opportunity, and constructive expansion puts extra attention on home, security, and emotional balance.

Money: prioritize household needs instead of emotional spending.
Love: protect closeness without carrying everyone else's mood.
Work: balance private needs with public responsibilities.
Caution: do not make permanent choices from temporary feelings. Keep the bigger opportunity in view without skipping the practical details.","As Mercury–Jupiter shapes the day's tone, visibility, confidence, and self-expression become the useful place to focus.

Money: use new information before making the purchase.
Love: say what you actually want instead of performing certainty.
Work: lead clearly and give the idea a concrete shape.
Caution: confidence cannot replace missing facts. Keep the bigger opportunity in view without skipping the practical details.","The day's communication, opportunity, and constructive expansion theme asks you to approach value, details, and useful systems with a little more intention.

Money: review compensation, expenses, and recurring costs.
Love: look for reliability without overanalyzing affection.
Work: turn precision into a practical improvement.
Caution: perfectionism can delay a good solution. Keep the bigger opportunity in view without skipping the practical details.","Today's emphasis on communication, opportunity, and constructive expansion puts extra attention on identity, reciprocity, and partnership.

Money: balance personal wants against the real numbers.
Love: define what mutual effort actually looks like.
Work: lead diplomatically without disappearing into consensus.
Caution: peacekeeping should not require self-silencing. Keep the bigger opportunity in view without skipping the practical details.","As Mercury–Jupiter shapes the day's tone, privacy, strategy, and emotional depth become the useful place to focus.

Money: review sensitive financial choices before acting.
Love: let trust develop through direct but measured honesty.
Work: use research and preparation before the visible move.
Caution: privacy is useful; unnecessary secrecy is not. Keep the bigger opportunity in view without skipping the practical details.","The day's communication, opportunity, and constructive expansion theme asks you to approach growth, social connections, and long-range direction with a little more intention.

Money: budget expansion instead of assuming optimism will cover it.
Love: let friendship and shared adventure add perspective.
Work: use networks and big ideas while assigning real follow-through.
Caution: do not promise results based only on enthusiasm. Keep the bigger opportunity in view without skipping the practical details."
2026-09-22,"As Libra season begins, it shapes the day's tone, career goals and long-term structure becomes the useful place to focus.

Money: make a measured financial adjustment.
Love: make room for warmth alongside responsibility.
Work: turn steady effort into visible progress.
Caution: do not let pressure force a premature decision. Keep the bigger opportunity in view without skipping the practical details.","The day's balance, partnership, diplomacy, and recalibration theme asks you to approach ideas, networks, and future plans with a little more intention.

Money: test an unconventional idea before funding it.
Love: let curiosity replace assumptions.
Work: use communication and experimentation to open options.
Caution: do not confuse novelty with certainty. Keep the bigger opportunity in view without skipping the practical details.","Today's emphasis on balance, partnership, diplomacy, and recalibration puts extra attention on intuition, shared resources, and emotional boundaries.

Money: clarify shared costs and obligations.
Love: ask directly instead of filling gaps with imagination.
Work: pair intuition with practical verification.
Caution: avoid vague promises or unclear agreements. Keep the bigger opportunity in view without skipping the practical details.","As Libra season begins, it shapes the day's tone, independence, partnership, and initiative become the useful place to focus.

Money: make joint decisions with explicit expectations.
Love: listen without surrendering your own position.
Work: channel momentum into a clear next step.
Caution: strong emotion is not always the same as certainty. Keep the bigger opportunity in view without skipping the practical details.","The day's balance, partnership, diplomacy, and recalibration theme asks you to approach stability, routines, and practical value with a little more intention.

Money: improve efficiency before chasing a dramatic gain.
Love: show care through consistency.
Work: fix the system that keeps wasting time.
Caution: do not accept extra burdens simply because you can. Keep the bigger opportunity in view without skipping the practical details.","Today's emphasis on balance, partnership, diplomacy, and recalibration puts extra attention on communication, creativity, and variety.

Money: develop the idea before spending heavily on it.
Love: use humor and honest conversation together.
Work: write, pitch, brainstorm, and then finish something.
Caution: too many possibilities can scatter your attention. Keep the bigger opportunity in view without skipping the practical details.","As Libra season begins, it shapes the day's tone, home, security, and emotional balance become the useful place to focus.

Money: prioritize household needs instead of emotional spending.
Love: protect closeness without carrying everyone else's mood.
Work: balance private needs with public responsibilities.
Caution: do not make permanent choices from temporary feelings. Keep the bigger opportunity in view without skipping the practical details.","The day's balance, partnership, diplomacy, and recalibration theme asks you to approach visibility, confidence, and self-expression with a little more intention.

Money: use new information before making the purchase.
Love: say what you actually want instead of performing certainty.
Work: lead clearly and give the idea a concrete shape.
Caution: confidence cannot replace missing facts. Keep the bigger opportunity in view without skipping the practical details.","Today's emphasis on balance, partnership, diplomacy, and recalibration puts extra attention on value, details, and useful systems.

Money: review compensation, expenses, and recurring costs.
Love: look for reliability without overanalyzing affection.
Work: turn precision into a practical improvement.
Caution: perfectionism can delay a good solution. Keep the bigger opportunity in view without skipping the practical details.","As Libra season begins, it shapes the day's tone, identity, reciprocity, and partnership become the useful place to focus.

Money: balance personal wants against the real numbers.
Love: define what mutual effort actually looks like.
Work: lead diplomatically without disappearing into consensus.
Caution: peacekeeping should not require self-silencing. Keep the bigger opportunity in view without skipping the practical details.","The day's balance, partnership, diplomacy, and recalibration theme asks you to approach privacy, strategy, and emotional depth with a little more intention.

Money: review sensitive financial choices before acting.
Love: let trust develop through direct but measured honesty.
Work: use research and preparation before the visible move.
Caution: privacy is useful; unnecessary secrecy is not. Keep the bigger opportunity in view without skipping the practical details.","Today's emphasis on balance, partnership, diplomacy, and recalibration puts extra attention on growth, social connections, and long-range direction.

Money: budget expansion instead of assuming optimism will cover it.
Love: let friendship and shared adventure add perspective.
Work: use networks and big ideas while assigning real follow-through.
Caution: do not promise results based only on enthusiasm. Keep the bigger opportunity in view without skipping the practical details."
2026-09-23,"The day's fairness, boundaries, and relationship dynamics theme asks you to approach career goals and long-term structure with a little more intention.

Money: make a measured financial adjustment.
Love: make room for warmth alongside responsibility.
Work: turn steady effort into visible progress.
Caution: do not let pressure force a premature decision. Keep the bigger opportunity in view without skipping the practical details.","Today's emphasis on fairness, boundaries, and relationship dynamics puts extra attention on ideas, networks, and future plans.

Money: test an unconventional idea before funding it.
Love: let curiosity replace assumptions.
Work: use communication and experimentation to open options.
Caution: do not confuse novelty with certainty. Keep the bigger opportunity in view without skipping the practical details.","As Libra-season adjustment shapes the day's tone, intuition, shared resources, and emotional boundaries become the useful place to focus.

Money: clarify shared costs and obligations.
Love: ask directly instead of filling gaps with imagination.
Work: pair intuition with practical verification.
Caution: avoid vague promises or unclear agreements. Keep the bigger opportunity in view without skipping the practical details.","The day's fairness, boundaries, and relationship dynamics theme asks you to approach independence, partnership, and initiative with a little more intention.

Money: make joint decisions with explicit expectations.
Love: listen without surrendering your own position.
Work: channel momentum into a clear next step.
Caution: strong emotion is not always the same as certainty. Keep the bigger opportunity in view without skipping the practical details.","Today's emphasis on fairness, boundaries, and relationship dynamics puts extra attention on stability, routines, and practical value.

Money: improve efficiency before chasing a dramatic gain.
Love: show care through consistency.
Work: fix the system that keeps wasting time.
Caution: do not accept extra burdens simply because you can. Keep the bigger opportunity in view without skipping the practical details.","As Libra-season adjustment shapes the day's tone, communication, creativity, and variety become the useful place to focus.

Money: develop the idea before spending heavily on it.
Love: use humor and honest conversation together.
Work: write, pitch, brainstorm, and then finish something.
Caution: too many possibilities can scatter your attention. Keep the bigger opportunity in view without skipping the practical details.","The day's fairness, boundaries, and relationship dynamics theme asks you to approach home, security, and emotional balance with a little more intention.

Money: prioritize household needs instead of emotional spending.
Love: protect closeness without carrying everyone else's mood.
Work: balance private needs with public responsibilities.
Caution: do not make permanent choices from temporary feelings. Keep the bigger opportunity in view without skipping the practical details.","Today's emphasis on fairness, boundaries, and relationship dynamics puts extra attention on visibility, confidence, and self-expression.

Money: use new information before making the purchase.
Love: say what you actually want instead of performing certainty.
Work: lead clearly and give the idea a concrete shape.
Caution: confidence cannot replace missing facts. Keep the bigger opportunity in view without skipping the practical details.","As Libra-season adjustment shapes the day's tone, value, details, and useful systems become the useful place to focus.

Money: review compensation, expenses, and recurring costs.
Love: look for reliability without overanalyzing affection.
Work: turn precision into a practical improvement.
Caution: perfectionism can delay a good solution. Keep the bigger opportunity in view without skipping the practical details.","The day's fairness, boundaries, and relationship dynamics theme asks you to approach identity, reciprocity, and partnership with a little more intention.

Money: balance personal wants against the real numbers.
Love: define what mutual effort actually looks like.
Work: lead diplomatically without disappearing into consensus.
Caution: peacekeeping should not require self-silencing. Keep the bigger opportunity in view without skipping the practical details.","Today's emphasis on fairness, boundaries, and relationship dynamics puts extra attention on privacy, strategy, and emotional depth.

Money: review sensitive financial choices before acting.
Love: let trust develop through direct but measured honesty.
Work: use research and preparation before the visible move.
Caution: privacy is useful; unnecessary secrecy is not. Keep the bigger opportunity in view without skipping the practical details.","As Libra-season adjustment shapes the day's tone, growth, social connections, and long-range direction become the useful place to focus.

Money: budget expansion instead of assuming optimism will cover it.
Love: let friendship and shared adventure add perspective.
Work: use networks and big ideas while assigning real follow-through.
Caution: do not promise results based only on enthusiasm. Keep the bigger opportunity in view without skipping the practical details."
2026-09-24,"Today's emphasis on practical follow-through, balance, and clearer priorities puts extra attention on career goals and long-term structure.

Money: make a measured financial adjustment.
Love: make room for warmth alongside responsibility.
Work: turn steady effort into visible progress.
Caution: do not let pressure force a premature decision. Keep the bigger opportunity in view without skipping the practical details.","As this integration day shapes the day's tone, ideas, networks, and future plans become the useful place to focus.

Money: test an unconventional idea before funding it.
Love: let curiosity replace assumptions.
Work: use communication and experimentation to open options.
Caution: do not confuse novelty with certainty. Keep the bigger opportunity in view without skipping the practical details.","The day's practical follow-through, balance, and clearer priorities theme asks you to approach intuition, shared resources, and emotional boundaries with a little more intention.

Money: clarify shared costs and obligations.
Love: ask directly instead of filling gaps with imagination.
Work: pair intuition with practical verification.
Caution: avoid vague promises or unclear agreements. Keep the bigger opportunity in view without skipping the practical details.","Today's emphasis on practical follow-through, balance, and clearer priorities puts extra attention on independence, partnership, and initiative.

Money: make joint decisions with explicit expectations.
Love: listen without surrendering your own position.
Work: channel momentum into a clear next step.
Caution: strong emotion is not always the same as certainty. Keep the bigger opportunity in view without skipping the practical details.","As this integration day shapes the day's tone, stability, routines, and practical value become the useful place to focus.

Money: improve efficiency before chasing a dramatic gain.
Love: show care through consistency.
Work: fix the system that keeps wasting time.
Caution: do not accept extra burdens simply because you can. Keep the bigger opportunity in view without skipping the practical details.","The day's practical follow-through, balance, and clearer priorities theme asks you to approach communication, creativity, and variety with a little more intention.

Money: develop the idea before spending heavily on it.
Love: use humor and honest conversation together.
Work: write, pitch, brainstorm, and then finish something.
Caution: too many possibilities can scatter your attention. Keep the bigger opportunity in view without skipping the practical details.","Today's emphasis on practical follow-through, balance, and clearer priorities puts extra attention on home, security, and emotional balance.

Money: prioritize household needs instead of emotional spending.
Love: protect closeness without carrying everyone else's mood.
Work: balance private needs with public responsibilities.
Caution: do not make permanent choices from temporary feelings. Keep the bigger opportunity in view without skipping the practical details.","As this integration day shapes the day's tone, visibility, confidence, and self-expression become the useful place to focus.

Money: use new information before making the purchase.
Love: say what you actually want instead of performing certainty.
Work: lead clearly and give the idea a concrete shape.
Caution: confidence cannot replace missing facts. Keep the bigger opportunity in view without skipping the practical details.","The day's practical follow-through, balance, and clearer priorities theme asks you to approach value, details, and useful systems with a little more intention.

Money: review compensation, expenses, and recurring costs.
Love: look for reliability without overanalyzing affection.
Work: turn precision into a practical improvement.
Caution: perfectionism can delay a good solution. Keep the bigger opportunity in view without skipping the practical details.","Today's emphasis on practical follow-through, balance, and clearer priorities puts extra attention on identity, reciprocity, and partnership.

Money: balance personal wants against the real numbers.
Love: define what mutual effort actually looks like.
Work: lead diplomatically without disappearing into consensus.
Caution: peacekeeping should not require self-silencing. Keep the bigger opportunity in view without skipping the practical details.","As this integration day shapes the day's tone, privacy, strategy, and emotional depth become the useful place to focus.

Money: review sensitive financial choices before acting.
Love: let trust develop through direct but measured honesty.
Work: use research and preparation before the visible move.
Caution: privacy is useful; unnecessary secrecy is not. Keep the bigger opportunity in view without skipping the practical details.","The day's practical follow-through, balance, and clearer priorities theme asks you to approach growth, social connections, and long-range direction with a little more intention.

Money: budget expansion instead of assuming optimism will cover it.
Love: let friendship and shared adventure add perspective.
Work: use networks and big ideas while assigning real follow-through.
Caution: do not promise results based only on enthusiasm. Keep the bigger opportunity in view without skipping the practical details."
2026-09-25,"As Sun–Neptune tension shapes the day's tone, career goals and long-term structure becomes the useful place to focus.

Money: make a measured financial adjustment.
Love: make room for warmth alongside responsibility.
Work: turn steady effort into visible progress.
Caution: do not let pressure force a premature decision. If something feels unusually perfect or unusually threatening, verify it before reacting.","The day's intuition, uncertainty, verification, and avoiding projection theme asks you to approach ideas, networks, and future plans with a little more intention.

Money: test an unconventional idea before funding it.
Love: let curiosity replace assumptions.
Work: use communication and experimentation to open options.
Caution: do not confuse novelty with certainty. If something feels unusually perfect or unusually threatening, verify it before reacting.","Today's emphasis on intuition, uncertainty, verification, and avoiding projection puts extra attention on intuition, shared resources, and emotional boundaries.

Money: clarify shared costs and obligations.
Love: ask directly instead of filling gaps with imagination.
Work: pair intuition with practical verification.
Caution: avoid vague promises or unclear agreements. If something feels unusually perfect or unusually threatening, verify it before reacting.","As Sun–Neptune tension shapes the day's tone, independence, partnership, and initiative become the useful place to focus.

Money: make joint decisions with explicit expectations.
Love: listen without surrendering your own position.
Work: channel momentum into a clear next step.
Caution: strong emotion is not always the same as certainty. If something feels unusually perfect or unusually threatening, verify it before reacting.","The day's intuition, uncertainty, verification, and avoiding projection theme asks you to approach stability, routines, and practical value with a little more intention.

Money: improve efficiency before chasing a dramatic gain.
Love: show care through consistency.
Work: fix the system that keeps wasting time.
Caution: do not accept extra burdens simply because you can. If something feels unusually perfect or unusually threatening, verify it before reacting.","Today's emphasis on intuition, uncertainty, verification, and avoiding projection puts extra attention on communication, creativity, and variety.

Money: develop the idea before spending heavily on it.
Love: use humor and honest conversation together.
Work: write, pitch, brainstorm, and then finish something.
Caution: too many possibilities can scatter your attention. If something feels unusually perfect or unusually threatening, verify it before reacting.","As Sun–Neptune tension shapes the day's tone, home, security, and emotional balance become the useful place to focus.

Money: prioritize household needs instead of emotional spending.
Love: protect closeness without carrying everyone else's mood.
Work: balance private needs with public responsibilities.
Caution: do not make permanent choices from temporary feelings. If something feels unusually perfect or unusually threatening, verify it before reacting.","The day's intuition, uncertainty, verification, and avoiding projection theme asks you to approach visibility, confidence, and self-expression with a little more intention.

Money: use new information before making the purchase.
Love: say what you actually want instead of performing certainty.
Work: lead clearly and give the idea a concrete shape.
Caution: confidence cannot replace missing facts. If something feels unusually perfect or unusually threatening, verify it before reacting.","Today's emphasis on intuition, uncertainty, verification, and avoiding projection puts extra attention on value, details, and useful systems.

Money: review compensation, expenses, and recurring costs.
Love: look for reliability without overanalyzing affection.
Work: turn precision into a practical improvement.
Caution: perfectionism can delay a good solution. If something feels unusually perfect or unusually threatening, verify it before reacting.","As Sun–Neptune tension shapes the day's tone, identity, reciprocity, and partnership become the useful place to focus.

Money: balance personal wants against the real numbers.
Love: define what mutual effort actually looks like.
Work: lead diplomatically without disappearing into consensus.
Caution: peacekeeping should not require self-silencing. If something feels unusually perfect or unusually threatening, verify it before reacting.","The day's intuition, uncertainty, verification, and avoiding projection theme asks you to approach privacy, strategy, and emotional depth with a little more intention.

Money: review sensitive financial choices before acting.
Love: let trust develop through direct but measured honesty.
Work: use research and preparation before the visible move.
Caution: privacy is useful; unnecessary secrecy is not. If something feels unusually perfect or unusually threatening, verify it before reacting.","Today's emphasis on intuition, uncertainty, verification, and avoiding projection puts extra attention on growth, social connections, and long-range direction.

Money: budget expansion instead of assuming optimism will cover it.
Love: let friendship and shared adventure add perspective.
Work: use networks and big ideas while assigning real follow-through.
Caution: do not promise results based only on enthusiasm. If something feels unusually perfect or unusually threatening, verify it before reacting."
2026-09-26,"The day's culmination, independence, decisive action, and emotional intensity theme asks you to approach career goals and long-term structure with a little more intention.

Money: make a measured financial adjustment.
Love: make room for warmth alongside responsibility.
Work: turn steady effort into visible progress.
Caution: do not let pressure force a premature decision. Let the Full Moon show you what needs a decision, but avoid turning urgency into recklessness.","Today's emphasis on culmination, independence, decisive action, and emotional intensity puts extra attention on ideas, networks, and future plans.

Money: test an unconventional idea before funding it.
Love: let curiosity replace assumptions.
Work: use communication and experimentation to open options.
Caution: do not confuse novelty with certainty. Let the Full Moon show you what needs a decision, but avoid turning urgency into recklessness.","As the Aries Full Moon shapes the day's tone, intuition, shared resources, and emotional boundaries become the useful place to focus.

Money: clarify shared costs and obligations.
Love: ask directly instead of filling gaps with imagination.
Work: pair intuition with practical verification.
Caution: avoid vague promises or unclear agreements. Let the Full Moon show you what needs a decision, but avoid turning urgency into recklessness.","The day's culmination, independence, decisive action, and emotional intensity theme asks you to approach independence, partnership, and initiative with a little more intention.

Money: make joint decisions with explicit expectations.
Love: listen without surrendering your own position.
Work: channel momentum into a clear next step.
Caution: strong emotion is not always the same as certainty. Let the Full Moon show you what needs a decision, but avoid turning urgency into recklessness.","Today's emphasis on culmination, independence, decisive action, and emotional intensity puts extra attention on stability, routines, and practical value.

Money: improve efficiency before chasing a dramatic gain.
Love: show care through consistency.
Work: fix the system that keeps wasting time.
Caution: do not accept extra burdens simply because you can. Let the Full Moon show you what needs a decision, but avoid turning urgency into recklessness.","As the Aries Full Moon shapes the day's tone, communication, creativity, and variety become the useful place to focus.

Money: develop the idea before spending heavily on it.
Love: use humor and honest conversation together.
Work: write, pitch, brainstorm, and then finish something.
Caution: too many possibilities can scatter your attention. Let the Full Moon show you what needs a decision, but avoid turning urgency into recklessness.","The day's culmination, independence, decisive action, and emotional intensity theme asks you to approach home, security, and emotional balance with a little more intention.

Money: prioritize household needs instead of emotional spending.
Love: protect closeness without carrying everyone else's mood.
Work: balance private needs with public responsibilities.
Caution: do not make permanent choices from temporary feelings. Let the Full Moon show you what needs a decision, but avoid turning urgency into recklessness.","Today's emphasis on culmination, independence, decisive action, and emotional intensity puts extra attention on visibility, confidence, and self-expression.

Money: use new information before making the purchase.
Love: say what you actually want instead of performing certainty.
Work: lead clearly and give the idea a concrete shape.
Caution: confidence cannot replace missing facts. Let the Full Moon show you what needs a decision, but avoid turning urgency into recklessness.","As the Aries Full Moon shapes the day's tone, value, details, and useful systems become the useful place to focus.

Money: review compensation, expenses, and recurring costs.
Love: look for reliability without overanalyzing affection.
Work: turn precision into a practical improvement.
Caution: perfectionism can delay a good solution. Let the Full Moon show you what needs a decision, but avoid turning urgency into recklessness.","The day's culmination, independence, decisive action, and emotional intensity theme asks you to approach identity, reciprocity, and partnership with a little more intention.

Money: balance personal wants against the real numbers.
Love: define what mutual effort actually looks like.
Work: lead diplomatically without disappearing into consensus.
Caution: peacekeeping should not require self-silencing. Let the Full Moon show you what needs a decision, but avoid turning urgency into recklessness.","Today's emphasis on culmination, independence, decisive action, and emotional intensity puts extra attention on privacy, strategy, and emotional depth.

Money: review sensitive financial choices before acting.
Love: let trust develop through direct but measured honesty.
Work: use research and preparation before the visible move.
Caution: privacy is useful; unnecessary secrecy is not. Let the Full Moon show you what needs a decision, but avoid turning urgency into recklessness.","As the Aries Full Moon shapes the day's tone, growth, social connections, and long-range direction become the useful place to focus.

Money: budget expansion instead of assuming optimism will cover it.
Love: let friendship and shared adventure add perspective.
Work: use networks and big ideas while assigning real follow-through.
Caution: do not promise results based only on enthusiasm. Let the Full Moon show you what needs a decision, but avoid turning urgency into recklessness."
2026-09-27,"Today's emphasis on confidence, initiative, visibility, and creative drive puts extra attention on career goals and long-term structure.

Money: make a measured financial adjustment.
Love: make room for warmth alongside responsibility.
Work: turn steady effort into visible progress.
Caution: do not let pressure force a premature decision. Use the extra drive constructively rather than turning every obstacle into a contest.","As Mars enters Leo, it shapes the day's tone, ideas, networks, and future plans become the useful place to focus.

Money: test an unconventional idea before funding it.
Love: let curiosity replace assumptions.
Work: use communication and experimentation to open options.
Caution: do not confuse novelty with certainty. Use the extra drive constructively rather than turning every obstacle into a contest.","The day's confidence, initiative, visibility, and creative drive theme asks you to approach intuition, shared resources, and emotional boundaries with a little more intention.

Money: clarify shared costs and obligations.
Love: ask directly instead of filling gaps with imagination.
Work: pair intuition with practical verification.
Caution: avoid vague promises or unclear agreements. Use the extra drive constructively rather than turning every obstacle into a contest.","Today's emphasis on confidence, initiative, visibility, and creative drive puts extra attention on independence, partnership, and initiative.

Money: make joint decisions with explicit expectations.
Love: listen without surrendering your own position.
Work: channel momentum into a clear next step.
Caution: strong emotion is not always the same as certainty. Use the extra drive constructively rather than turning every obstacle into a contest.","As Mars enters Leo, it shapes the day's tone, stability, routines, and practical value become the useful place to focus.

Money: improve efficiency before chasing a dramatic gain.
Love: show care through consistency.
Work: fix the system that keeps wasting time.
Caution: do not accept extra burdens simply because you can. Use the extra drive constructively rather than turning every obstacle into a contest.","The day's confidence, initiative, visibility, and creative drive theme asks you to approach communication, creativity, and variety with a little more intention.

Money: develop the idea before spending heavily on it.
Love: use humor and honest conversation together.
Work: write, pitch, brainstorm, and then finish something.
Caution: too many possibilities can scatter your attention. Use the extra drive constructively rather than turning every obstacle into a contest.","Today's emphasis on confidence, initiative, visibility, and creative drive puts extra attention on home, security, and emotional balance.

Money: prioritize household needs instead of emotional spending.
Love: protect closeness without carrying everyone else's mood.
Work: balance private needs with public responsibilities.
Caution: do not make permanent choices from temporary feelings. Use the extra drive constructively rather than turning every obstacle into a contest.","As Mars enters Leo, it shapes the day's tone, visibility, confidence, and self-expression become the useful place to focus.

Money: use new information before making the purchase.
Love: say what you actually want instead of performing certainty.
Work: lead clearly and give the idea a concrete shape.
Caution: confidence cannot replace missing facts. Use the extra drive constructively rather than turning every obstacle into a contest.","The day's confidence, initiative, visibility, and creative drive theme asks you to approach value, details, and useful systems with a little more intention.

Money: review compensation, expenses, and recurring costs.
Love: look for reliability without overanalyzing affection.
Work: turn precision into a practical improvement.
Caution: perfectionism can delay a good solution. Use the extra drive constructively rather than turning every obstacle into a contest.","Today's emphasis on confidence, initiative, visibility, and creative drive puts extra attention on identity, reciprocity, and partnership.

Money: balance personal wants against the real numbers.
Love: define what mutual effort actually looks like.
Work: lead diplomatically without disappearing into consensus.
Caution: peacekeeping should not require self-silencing. Use the extra drive constructively rather than turning every obstacle into a contest.","As Mars enters Leo, it shapes the day's tone, privacy, strategy, and emotional depth become the useful place to focus.

Money: review sensitive financial choices before acting.
Love: let trust develop through direct but measured honesty.
Work: use research and preparation before the visible move.
Caution: privacy is useful; unnecessary secrecy is not. Use the extra drive constructively rather than turning every obstacle into a contest.","The day's confidence, initiative, visibility, and creative drive theme asks you to approach growth, social connections, and long-range direction with a little more intention.

Money: budget expansion instead of assuming optimism will cover it.
Love: let friendship and shared adventure add perspective.
Work: use networks and big ideas while assigning real follow-through.
Caution: do not promise results based only on enthusiasm. Use the extra drive constructively rather than turning every obstacle into a contest."
2026-09-28,"As Sun–Uranus support shapes the day's tone, career goals and long-term structure becomes the useful place to focus.

Money: make a measured financial adjustment.
Love: make room for warmth alongside responsibility.
Work: turn steady effort into visible progress.
Caution: do not let pressure force a premature decision. Try the unconventional option, then test whether it actually works.","The day's experimentation, breakthroughs, flexibility, and fresh approaches theme asks you to approach ideas, networks, and future plans with a little more intention.

Money: test an unconventional idea before funding it.
Love: let curiosity replace assumptions.
Work: use communication and experimentation to open options.
Caution: do not confuse novelty with certainty. Try the unconventional option, then test whether it actually works.","Today's emphasis on experimentation, breakthroughs, flexibility, and fresh approaches puts extra attention on intuition, shared resources, and emotional boundaries.

Money: clarify shared costs and obligations.
Love: ask directly instead of filling gaps with imagination.
Work: pair intuition with practical verification.
Caution: avoid vague promises or unclear agreements. Try the unconventional option, then test whether it actually works.","As Sun–Uranus support shapes the day's tone, independence, partnership, and initiative become the useful place to focus.

Money: make joint decisions with explicit expectations.
Love: listen without surrendering your own position.
Work: channel momentum into a clear next step.
Caution: strong emotion is not always the same as certainty. Try the unconventional option, then test whether it actually works.","The day's experimentation, breakthroughs, flexibility, and fresh approaches theme asks you to approach stability, routines, and practical value with a little more intention.

Money: improve efficiency before chasing a dramatic gain.
Love: show care through consistency.
Work: fix the system that keeps wasting time.
Caution: do not accept extra burdens simply because you can. Try the unconventional option, then test whether it actually works.","Today's emphasis on experimentation, breakthroughs, flexibility, and fresh approaches puts extra attention on communication, creativity, and variety.

Money: develop the idea before spending heavily on it.
Love: use humor and honest conversation together.
Work: write, pitch, brainstorm, and then finish something.
Caution: too many possibilities can scatter your attention. Try the unconventional option, then test whether it actually works.","As Sun–Uranus support shapes the day's tone, home, security, and emotional balance become the useful place to focus.

Money: prioritize household needs instead of emotional spending.
Love: protect closeness without carrying everyone else's mood.
Work: balance private needs with public responsibilities.
Caution: do not make permanent choices from temporary feelings. Try the unconventional option, then test whether it actually works.","The day's experimentation, breakthroughs, flexibility, and fresh approaches theme asks you to approach visibility, confidence, and self-expression with a little more intention.

Money: use new information before making the purchase.
Love: say what you actually want instead of performing certainty.
Work: lead clearly and give the idea a concrete shape.
Caution: confidence cannot replace missing facts. Try the unconventional option, then test whether it actually works.","Today's emphasis on experimentation, breakthroughs, flexibility, and fresh approaches puts extra attention on value, details, and useful systems.

Money: review compensation, expenses, and recurring costs.
Love: look for reliability without overanalyzing affection.
Work: turn precision into a practical improvement.
Caution: perfectionism can delay a good solution. Try the unconventional option, then test whether it actually works.","As Sun–Uranus support shapes the day's tone, identity, reciprocity, and partnership become the useful place to focus.

Money: balance personal wants against the real numbers.
Love: define what mutual effort actually looks like.
Work: lead diplomatically without disappearing into consensus.
Caution: peacekeeping should not require self-silencing. Try the unconventional option, then test whether it actually works.","The day's experimentation, breakthroughs, flexibility, and fresh approaches theme asks you to approach privacy, strategy, and emotional depth with a little more intention.

Money: review sensitive financial choices before acting.
Love: let trust develop through direct but measured honesty.
Work: use research and preparation before the visible move.
Caution: privacy is useful; unnecessary secrecy is not. Try the unconventional option, then test whether it actually works.","Today's emphasis on experimentation, breakthroughs, flexibility, and fresh approaches puts extra attention on growth, social connections, and long-range direction.

Money: budget expansion instead of assuming optimism will cover it.
Love: let friendship and shared adventure add perspective.
Work: use networks and big ideas while assigning real follow-through.
Caution: do not promise results based only on enthusiasm. Try the unconventional option, then test whether it actually works."
2026-09-29,"The day's sensitive conversations, honest feedback, and repair theme asks you to approach career goals and long-term structure with a little more intention.

Money: make a measured financial adjustment.
Love: make room for warmth alongside responsibility.
Work: turn steady effort into visible progress.
Caution: do not let pressure force a premature decision. A sensitive conversation can still be useful if you separate the message from the sting.","Today's emphasis on sensitive conversations, honest feedback, and repair puts extra attention on ideas, networks, and future plans.

Money: test an unconventional idea before funding it.
Love: let curiosity replace assumptions.
Work: use communication and experimentation to open options.
Caution: do not confuse novelty with certainty. A sensitive conversation can still be useful if you separate the message from the sting.","As Mercury–Chiron tension shapes the day's tone, intuition, shared resources, and emotional boundaries become the useful place to focus.

Money: clarify shared costs and obligations.
Love: ask directly instead of filling gaps with imagination.
Work: pair intuition with practical verification.
Caution: avoid vague promises or unclear agreements. A sensitive conversation can still be useful if you separate the message from the sting.","The day's sensitive conversations, honest feedback, and repair theme asks you to approach independence, partnership, and initiative with a little more intention.

Money: make joint decisions with explicit expectations.
Love: listen without surrendering your own position.
Work: channel momentum into a clear next step.
Caution: strong emotion is not always the same as certainty. A sensitive conversation can still be useful if you separate the message from the sting.","Today's emphasis on sensitive conversations, honest feedback, and repair puts extra attention on stability, routines, and practical value.

Money: improve efficiency before chasing a dramatic gain.
Love: show care through consistency.
Work: fix the system that keeps wasting time.
Caution: do not accept extra burdens simply because you can. A sensitive conversation can still be useful if you separate the message from the sting.","As Mercury–Chiron tension shapes the day's tone, communication, creativity, and variety become the useful place to focus.

Money: develop the idea before spending heavily on it.
Love: use humor and honest conversation together.
Work: write, pitch, brainstorm, and then finish something.
Caution: too many possibilities can scatter your attention. A sensitive conversation can still be useful if you separate the message from the sting.","The day's sensitive conversations, honest feedback, and repair theme asks you to approach home, security, and emotional balance with a little more intention.

Money: prioritize household needs instead of emotional spending.
Love: protect closeness without carrying everyone else's mood.
Work: balance private needs with public responsibilities.
Caution: do not make permanent choices from temporary feelings. A sensitive conversation can still be useful if you separate the message from the sting.","Today's emphasis on sensitive conversations, honest feedback, and repair puts extra attention on visibility, confidence, and self-expression.

Money: use new information before making the purchase.
Love: say what you actually want instead of performing certainty.
Work: lead clearly and give the idea a concrete shape.
Caution: confidence cannot replace missing facts. A sensitive conversation can still be useful if you separate the message from the sting.","As Mercury–Chiron tension shapes the day's tone, value, details, and useful systems become the useful place to focus.

Money: review compensation, expenses, and recurring costs.
Love: look for reliability without overanalyzing affection.
Work: turn precision into a practical improvement.
Caution: perfectionism can delay a good solution. A sensitive conversation can still be useful if you separate the message from the sting.","The day's sensitive conversations, honest feedback, and repair theme asks you to approach identity, reciprocity, and partnership with a little more intention.

Money: balance personal wants against the real numbers.
Love: define what mutual effort actually looks like.
Work: lead diplomatically without disappearing into consensus.
Caution: peacekeeping should not require self-silencing. A sensitive conversation can still be useful if you separate the message from the sting.","Today's emphasis on sensitive conversations, honest feedback, and repair puts extra attention on privacy, strategy, and emotional depth.

Money: review sensitive financial choices before acting.
Love: let trust develop through direct but measured honesty.
Work: use research and preparation before the visible move.
Caution: privacy is useful; unnecessary secrecy is not. A sensitive conversation can still be useful if you separate the message from the sting.","As Mercury–Chiron tension shapes the day's tone, growth, social connections, and long-range direction become the useful place to focus.

Money: budget expansion instead of assuming optimism will cover it.
Love: let friendship and shared adventure add perspective.
Work: use networks and big ideas while assigning real follow-through.
Caution: do not promise results based only on enthusiasm. A sensitive conversation can still be useful if you separate the message from the sting."
2026-09-30,"Today's emphasis on depth, strategy, research, and direct communication puts extra attention on career goals and long-term structure.

Money: make a measured financial adjustment.
Love: make room for warmth alongside responsibility.
Work: turn steady effort into visible progress.
Caution: do not let pressure force a premature decision. Go deeper than surface explanations, but do not invent hidden motives without evidence.","As Mercury enters Scorpio, it shapes the day's tone, ideas, networks, and future plans become the useful place to focus.

Money: test an unconventional idea before funding it.
Love: let curiosity replace assumptions.
Work: use communication and experimentation to open options.
Caution: do not confuse novelty with certainty. Go deeper than surface explanations, but do not invent hidden motives without evidence.","The day's depth, strategy, research, and direct communication theme asks you to approach intuition, shared resources, and emotional boundaries with a little more intention.

Money: clarify shared costs and obligations.
Love: ask directly instead of filling gaps with imagination.
Work: pair intuition with practical verification.
Caution: avoid vague promises or unclear agreements. Go deeper than surface explanations, but do not invent hidden motives without evidence.","Today's emphasis on depth, strategy, research, and direct communication puts extra attention on independence, partnership, and initiative.

Money: make joint decisions with explicit expectations.
Love: listen without surrendering your own position.
Work: channel momentum into a clear next step.
Caution: strong emotion is not always the same as certainty. Go deeper than surface explanations, but do not invent hidden motives without evidence.","As Mercury enters Scorpio, it shapes the day's tone, stability, routines, and practical value become the useful place to focus.

Money: improve efficiency before chasing a dramatic gain.
Love: show care through consistency.
Work: fix the system that keeps wasting time.
Caution: do not accept extra burdens simply because you can. Go deeper than surface explanations, but do not invent hidden motives without evidence.","The day's depth, strategy, research, and direct communication theme asks you to approach communication, creativity, and variety with a little more intention.

Money: develop the idea before spending heavily on it.
Love: use humor and honest conversation together.
Work: write, pitch, brainstorm, and then finish something.
Caution: too many possibilities can scatter your attention. Go deeper than surface explanations, but do not invent hidden motives without evidence.","Today's emphasis on depth, strategy, research, and direct communication puts extra attention on home, security, and emotional balance.

Money: prioritize household needs instead of emotional spending.
Love: protect closeness without carrying everyone else's mood.
Work: balance private needs with public responsibilities.
Caution: do not make permanent choices from temporary feelings. Go deeper than surface explanations, but do not invent hidden motives without evidence.","As Mercury enters Scorpio, it shapes the day's tone, visibility, confidence, and self-expression become the useful place to focus.

Money: use new information before making the purchase.
Love: say what you actually want instead of performing certainty.
Work: lead clearly and give the idea a concrete shape.
Caution: confidence cannot replace missing facts. Go deeper than surface explanations, but do not invent hidden motives without evidence.","The day's depth, strategy, research, and direct communication theme asks you to approach value, details, and useful systems with a little more intention.

Money: review compensation, expenses, and recurring costs.
Love: look for reliability without overanalyzing affection.
Work: turn precision into a practical improvement.
Caution: perfectionism can delay a good solution. Go deeper than surface explanations, but do not invent hidden motives without evidence.","Today's emphasis on depth, strategy, research, and direct communication puts extra attention on identity, reciprocity, and partnership.

Money: balance personal wants against the real numbers.
Love: define what mutual effort actually looks like.
Work: lead diplomatically without disappearing into consensus.
Caution: peacekeeping should not require self-silencing. Go deeper than surface explanations, but do not invent hidden motives without evidence.","As Mercury enters Scorpio, it shapes the day's tone, privacy, strategy, and emotional depth become the useful place to focus.

Money: review sensitive financial choices before acting.
Love: let trust develop through direct but measured honesty.
Work: use research and preparation before the visible move.
Caution: privacy is useful; unnecessary secrecy is not. Go deeper than surface explanations, but do not invent hidden motives without evidence.","The day's depth, strategy, research, and direct communication theme asks you to approach growth, social connections, and long-range direction with a little more intention.

Money: budget expansion instead of assuming optimism will cover it.
Love: let friendship and shared adventure add perspective.
Work: use networks and big ideas while assigning real follow-through.
Caution: do not promise results based only on enthusiasm. Go deeper than surface explanations, but do not invent hidden motives without evidence."
